article_id,reader_question
event-tsmc-2026q2,台積電本季說了哪些產業變化，哪些仍只是未來指引？
topic-MI-2026-07-21-NVIDIA-VERA-RUBIN-RAMP,新一代運算平台開始量產後，何時才有台灣供應商的訂單或收入證據？
topic-MI-2026-07-23-US-SECTION301-TAIWAN,同一台伺服器的整機、零件與材料，為何可能面對不同關稅？
topic-MI-2026-07-29-PRIORITY-Q2-DISCLOSURES,法說資料上線後，還要補哪些文件才能真正看懂公司這一季？
topic-MI-2026-07-30-YAGEO-Q2-EARNINGS-CALL,毛利率變好，究竟來自漲價、產品組合、成本還是產能利用？
topic-MI-2026-07-31-MISSED-PRIORITY-Q2,獲利增加卻不是本業帶動時，還要拆解哪些會計與現金流因素？
topic-MI-2026-08-01-800VDC-EXECUTION-READINESS,新電力架構從展示走到量產，中間還要通過哪些關卡？
topic-MI-2026-08-01-AI-CAPEX-CASH-CONVERSION,雲端巨頭都在擴建資料中心，為何現金流表現仍會分化？
topic-MI-2026-08-01-CPO-PLUGGABLE-COEXISTENCE,光纖連線的新舊形式，會全面替代還是長期並存？
topic-MI-2026-08-01-INFERENCE-COMPUTE-TESTER-TAM,運算晶片種類變多，測試設備需求一定會同步增加嗎？
topic-MI-2026-08-01-SPHBM4-ORGANIC-SUBSTRATE,記憶體接點變少，為什麼不代表成本一定下降或產品已經可用？
topic-MI-2026-08-01-US-ADVANCED-PACKAGING-REGIONALIZATION,客戶先付款蓋新廠，何時才能算成服務收入與獲利？
topic-MI-2026-08-02-800V-POWER-SEMICONDUCTOR-PARTITION,高壓直流供電改變時，哪些轉換環節會保留、轉移或被整合？
topic-MI-2026-08-02-AI-MEMORY-HIERARCHY,人工智慧資料為什麼要分層存放，越常用的資料就一定要離運算晶片越近嗎？
topic-MI-2026-08-02-AI-PROCESS-CONTROL-INTENSITY,先進封裝讓缺陷更昂貴後，哪些檢測環節會變得更重要？
topic-MI-2026-08-02-AMD-HELIOS-DEPLOYMENT-LADDER,平台開始出貨後，還要看到哪些客戶節點才算真正部署？
topic-MI-2026-08-02-BACKSIDE-POWER-DELIVERY,晶片改用背面供電後，設備需求如何從製程變化走到公司獲利？
topic-MI-2026-08-02-GLASS-SUBSTRATE-COMMERCIALIZATION,玻璃基板已有工廠與樣品，為什麼還不能算穩定量產？
topic-MI-2026-08-02-HBF-COMMERCIALIZATION-LADDER,新的記憶體層要滿足哪些讀寫與耐久條件，才不只是特殊儲存裝置？
topic-MI-2026-08-02-HIGH-NA-EUV-INSERTION-LADDER,新一代曝光設備能少做步驟，為何仍不一定降低總成本？
topic-MI-2026-08-02-HYBRID-BONDING-READINESS,兩層晶片貼得更密，為什麼一次試驗成功還不能證明可長期量產？
topic-MI-2026-08-02-LIQUID-COOLING-QUALIFICATION-LADDER,液冷設備容量比較大，為什麼不代表已量產或有訂單？
topic-MI-2026-08-02-OPEN-AI-FABRICS,不同廠商的運算晶片與交換器，要通過哪些測試才算真正互通？
topic-MI-2026-08-02-PANEL-LEVEL-PACKAGING-READINESS,面板能排進更多封裝，為什麼還要一起看良率、製程速度與報廢成本？
topic-MI-2026-08-02-UCIE-INTEROPERABILITY-LADDER,小晶片能在一次測試中互通，還要哪些證據才算生態系成熟？
topic-MI-2026-08-03-800VDC-PROTECTION-LAYERS,高壓直流系統為何不能只靠一顆保險絲保護？
topic-MI-2026-08-03-AI-CAPACITOR-ROLE-MAP,不同位置的電容容量相近，為何仍不能互相取代？
topic-MI-2026-08-03-AI-POWER-BUFFERING-HIERARCHY,電力尖峰與停電持續時間不同時，該由哪種儲能設備處理？
topic-MI-2026-08-03-CUSTOM-HBM-SCOPE-LADDER,客製高頻寬記憶體只改規格或重做底部晶片，為何不能排在一起？
topic-MI-2026-08-03-LIQUID-COOLING-LOOP-BOUNDARIES,液冷系統出問題時，如何分清設備、整合與設施的責任？
topic-MI-2026-08-03-PCIE6-COMPLIANCE-LADDER,高速介面元件量產後，還要跨過哪些互通、測試與部署關卡？
topic-MI-2026-08-07-AI-RACK-ACTION-CONTRACT,機櫃感測到過熱或漏液後，系統如何找到正確設備並安全隔離？
topic-MI-2026-08-08-AI-RACK-TRUST-ROOT,資料中心收到高風險控制指令時，如何確認身分、版本與權限？
topic-MI-2026-08-09-AI-RACK-EMC-CERTIFICATION,單一設備都通過測試後，整櫃一起運作為何仍可能不合格？
topic-MI-2026-08-09-AI-STORAGE-DATA-PLANE,人工智慧系統的三種資料流，為何不能只用硬碟容量判斷需求？
