selection_id,cycle_id,selected_at,candidate_id,rank,priority,knowledge_value,evidence_posture,selection_decision,selection_reason,first_rejection,next_evidence
RS-2026-08-03-01-CUSTOM-HBM,RS-2026-08-03-01,2026-08-03T00:27:41+08:00,RC-CUSTOM-HBM,1,p1,high,preliminary,advance,"三家記憶體廠已各自把 custom HBM 連到 base logic die、工作負載或客戶客製，但定義、產品世代與量產時鐘仍未對齊；適合用異質證據與不可比裁決檢驗方法。","若深研後仍只能重述供應商 roadmap，無法分離標準 HBM4E、客製 base die、運算下放與客戶 qualification，就不升格。","逐一核對 Samsung、SK hynix、Micron 對 custom HBM 的精確定義、樣品／量產時鐘、foundry 分工與具名客戶證據。"
RS-2026-08-03-01-PCIE6,RS-2026-08-03-01,2026-08-03T00:27:41+08:00,RC-PCIE6-COMPLIANCE,2,p1,high,preliminary,advance,"PCI-SIG Workshop #140 首次納入 PCIe 6.x 64 GT/s official testing，而市場已有標示 Gen6 的 retimer、switch 與 endpoint；產品名稱、vendor interop、official compliance 與平台部署可被分離驗證。","若官方測試與 integrators list 仍無法辨認 Gen6 實測層級，或只有供應商自述而沒有獨立 host／endpoint 互通，不能把 production 宣稱升格為生態系成熟。","核對 PCI-SIG official testing／integrators list、retimer 與 endpoint 的實測速率、平台互通、量產與客戶部署。"
RS-2026-08-03-01-224G,RS-2026-08-03-01,2026-08-03T00:27:41+08:00,RC-224G-ELECTRICAL-OPTICAL,3,p2,high,preliminary,watch,"Ethernet Alliance 2026 roadmap、OIF CEI-224G framework 與 OFC multi-vendor demo 顯示 1.6T／224G 正由框架走向互通，但 IEEE 標準、reach、功耗與實際系統分工尚未收斂。","若只有 roadmap 與展場 demo，沒有正式 IA／標準、可重現 reach／power 邊界與量產系統，就不建立電連接與光連接的勝負或台廠收入映射。","等待 IEEE P802.3dj／OIF CEI-224G 里程碑、multi-vendor compliance、系統 BOM 與可核對的 reach／power 資料。"
RS-2026-08-03-01-CXL4,RS-2026-08-03-01,2026-08-03T00:27:41+08:00,RC-CXL4-DEPLOYMENT,4,p2,high,preliminary,watch,"CXL 4.0 規格已發布，而可見產品仍多落在 CXL 2.0 或 3.2／PCIe 5–6；適合併入既有 AI 記憶體分層，追蹤 specification 到 pooled-memory deployment 的代差。","若 CXL 4.0 長期沒有 host、switch、memory device 與軟體共同 qualification，不能由規格頻寬推導部署或記憶體需求。","追蹤 CXL 4.0 compliance、CXL 3.2／PCIe 6 產品 qualification、multi-host pooling 部署分母與軟體支援。"
RS-2026-08-03-01-BYOP,RS-2026-08-03-01,2026-08-03T00:27:41+08:00,RC-BYOP-GRID-TO-CHIP,5,p3,medium,assumption_led,defer,"Eaton、Vertiv 已把 on-site generation、BESS、UPS 與 grid-to-chip 架構放入 AI data center 路線，但目前證據主要來自方案供應商，且尚無本 universe 公司可辨識的角色或財務曝險。","若沒有 hyperscaler／公用事業實際容量、併網條件與具名設備採用，供應商架構圖不足以證明 BYOP 成為主流或台股受惠。","等待買方／utility 專案、實際 MW、併網與運轉資料，以及台灣公司具名產品與收入證據。"
RS-2026-08-03-02-AI-POWER-BUFFERING,RS-2026-08-03-02,2026-08-03T01:23:52+08:00,RC-AI-POWER-BUFFERING,1,p1,high,preliminary,advance,"NVIDIA 已把毫秒至秒的電容／超級電容與秒至分鐘的 BESS 分層，OCP Diablo 400 與 ORv3 又分別公開 CBU／BBU 需求；足以檢查 AI 功率波動是否應按時間尺度與位置分流，而非把所有儲能或被動元件視為同一需求。","若一手文件無法把瞬態抑制、rack ride-through、facility load smoothing 的時間尺度、位置與失效條件分開，就不建立被動元件族群研究或圖譜。","核對 NVIDIA、OCP 與元件／電源供應商對 CBU、BBU、BESS、DC bus、轉換級與時間尺度的精確定義，並明示沒有台灣供應商 BOM／收入證據。"
RS-2026-08-03-02-COOLING-LOOP,RS-2026-08-03-02,2026-08-03T01:23:52+08:00,RC-LIQUID-COOLING-LOOP-BOUNDARY,2,p1,high,preliminary,advance,"OCP 2026 冷板迴路要求已把 TCS 與 FWS 邊界、壓力／流量／溫度／感測欄位及材料相容性工作流分開；這可補足現有液冷資格文章未回答的系統責任與失效定位。","若只能得到供應商產品頁或概念圖，無法由正式要求文件重建 TCS／FWS 邊界、可量測介面與維運條件，就不另建研究。","逐項核對 OCP 冷板迴路 Rev 2、冷板要求、流體／快接工作流與平台驗證入口，區分 requirement、specification、validated product 與實際部署。"
RS-2026-08-03-02-224G,RS-2026-08-03-02,2026-08-03T01:23:52+08:00,RC-224G-ELECTRICAL-OPTICAL,3,p2,high,preliminary,watch,"IEEE P802.3dj 已前進至 Draft 3.1，但 OIF CEI-224G MR／LR／XSR 仍在形成 Implementation Agreement；目前可描述標準成熟度，尚不足以把 reach／power 邊界映射為 PCB、CCL 或光學份額。","若只有 draft、roadmap 與展場 demo，沒有正式 IA／標準、可重現 reach／power 邊界與量產系統，就不建立電連接與光連接的勝負或台廠收入映射。","等待 IEEE 802.3dj 正式標準、OIF CEI-224G MR／LR／XSR IA、multi-vendor compliance、系統 BOM 與可核對的 reach／power 資料。"
RS-2026-08-03-02-CXL4,RS-2026-08-03-02,2026-08-03T01:23:52+08:00,RC-CXL4-DEPLOYMENT,4,p2,high,preliminary,watch,"CXL 4.0 規格已發布，但可見 evidence 仍缺 host、switch、memory device 與軟體共同 qualification 的部署分母；保留追蹤可檢驗規格世代與實際部署的代差。","若 CXL 4.0 長期沒有 host、switch、memory device 與軟體共同 qualification，不能由規格頻寬推導部署或記憶體需求。","追蹤 CXL 4.0 compliance、CXL 3.2／PCIe 6 產品 qualification、multi-host pooling 部署分母與軟體支援。"
RS-2026-08-03-02-MAGNETICS,RS-2026-08-03-02,2026-08-03T01:23:52+08:00,RC-AI-POWER-MAGNETICS,5,p3,medium,assumption_led,defer,"800V 到低壓的高變比轉換必然使用磁性元件，但目前平台與半導體 reference design 多公開拓撲和效率，未公開可對應本 universe 的變壓器／電感 BOM、規格份額或財務足跡。","若沒有可定位的量產設計、磁性元件規格與供應商／收入證據，不得由轉換級數直接推成被動元件用量或受惠排行。","等待量產 reference design 或客戶文件披露 switching topology、磁性元件電氣／熱規格、BOM 位置、供應商資格與可辨識收入。"
RS-2026-08-03-03-CAPACITOR,RS-2026-08-03-03,2026-08-03T02:07:48+08:00,RC-AI-CAPACITOR-ROLE-MAP,1,p1,high,preliminary,advance,"OCP／TI 已把 EDLC CBU 放在 rack-side 能量緩衝，TDK 與 Murata 又分別公開 400–800V DC link、低壓 PDN 與不同頻帶的 capacitor 角色；可檢驗市場是否把 film、鋁電解、polymer、MLCC、silicon 與 EDLC 誤合成同一需求。","若一手文件只能各自推銷產品，無法對齊系統位置、電壓、頻帶、主要任務與不可替代邊界，就不建立電容種類排名或族群圖譜。","交叉核對 OCP／TI 的 CBU、TDK 的高低壓元件地圖與 Murata 的 PDN 頻帶角色；分開 requirement、reference design、issuer product claim、production deployment 與台灣公司曝險。"
RS-2026-08-03-03-PROTECTION,RS-2026-08-03-03,2026-08-03T02:07:48+08:00,RC-800VDC-PROTECTION-LAYERS,2,p1,high,preliminary,advance,"OCP Diablo 400 已把 overcurrent、ground fault、interlock、earthing 與 clearance 分列，TI／Infineon 800V hot-swap 文件則提供 inrush、pre-charge、UV／OV／OT、fault detection 與 telemetry；足以把被動斷路、主動隔離與能量緩衝分成不同責任層。","若無法由正式 requirement 與實測 reference design 區分 fuse／breaker、hot-swap／eFuse、ground-fault／interlock、surge clamp 與 CBU／BBU，或只能得到產品行銷詞，就不升格。","逐頁核對 OCP safety／interconnect 要求、TI 800V protection white paper 與 Infineon hot-swap board 的測試範圍；明示 reference design 不等於平台採用、供應商資格或量產收入。"
RS-2026-08-03-03-EMI,RS-2026-08-03-03,2026-08-03T02:07:48+08:00,RC-AI-EMI-FILTER-PARTITION,3,p2,high,preliminary,watch,"TI 30kW HVDC reference design、Infineon 800V BBU 與 Murata AI power guide 都顯示 EMI filter／ferrite／capacitor 是電力鏈的一部分，但公開證據尚未對齊頻帶、衰減、共模／差模、熱與 production BOM。","若沒有共同 EMC 限值、量測頻譜、filter topology 與可重建 BOM，不得由功率密度或 switching frequency 直接推成磁性元件／電容用量排行。","等待 800V reference design schematic／BOM、CISPR／IEC 適用限值、conducted／radiated emission 測試與量產平台 filter qualification。"
RS-2026-08-03-03-MAGNETICS,RS-2026-08-03-03,2026-08-03T02:07:48+08:00,RC-AI-POWER-MAGNETICS,4,p3,medium,assumption_led,defer,"本輪雖找到更多 800V converter topology 與整合式 transformer 說明，仍沒有可映射本 universe 的量產磁性元件規格、供應商資格、份額或收入；沿用前輪拒絕，不因族群覆蓋薄弱而升格。","若沒有可定位的量產設計、磁性元件規格與供應商／收入證據，不得由轉換級數直接推成被動元件用量或受惠排行。","等待量產 reference design 或客戶文件披露 switching topology、磁性元件電氣／熱規格、BOM 位置、供應商資格與可辨識收入。"
RS-2026-08-03-03-TELEMETRY,RS-2026-08-03-03,2026-08-03T02:07:48+08:00,RC-AI-POWER-TELEMETRY,5,p3,medium,preliminary,watch,"Infineon hot-swap board 與 OCP rack management 已出現 PMBus、電壓／電流／功率／能量與 fault telemetry，但現有資料尚不足以證明共同 event schema、維修閉環或獨立商業價值；較適合先併入保護層研究。","若 telemetry 只有控制器功能清單，沒有共同欄位、事件時間、fault action、site log 與維護決策，就不另建監測題材或公司價值主張。","追蹤 OCP RMU／PMBus 欄位、800V hot-swap fault log、site telemetry 與告警到隔離／維修的 action contract。"
RS-2026-08-07-01-TELEMETRY,RS-2026-08-07-01,2026-08-07T23:18:54+08:00,RC-AI-POWER-TELEMETRY,1,p1,high,preliminary,advance,"early_trigger:NVIDIA DSX BMS Event Bus 1.0.0@2026-07-31=>https://docs.nvidia.com/dsx-exchange/schema/bms-event-bus/overview；新規格已明列 rack identity、value／metadata、liquid／electrical isolation request 與動作責任，直接命中上一輪等待共同 event schema 與 action contract 的下一份證據。","若 DSX 只是一家平台的欄位清單，無法與 OpenRMC／Redfish 的管理介面對齊，也沒有可驗證的 request→isolation→service 狀態轉移，就不建立獨立文章或商業價值主張。","逐欄核對 DSX Event Bus／BMS Integration、OCP OpenRMC 與 Redfish 的 identity、telemetry、request、action ownership、acknowledgement 與 fail-safe 邊界；另查 production deployment 與台灣公司曝險。"
RS-2026-08-07-01-THERMAL,RS-2026-08-07-01,2026-08-07T23:18:54+08:00,RC-AI-THERMAL-RESISTANCE-CHAIN,2,p1,high,preliminary,watch,"OCP cold-plate qualification 已把 TIM2、case-to-liquid thermal resistance、flow 與 pressure drop 放在同一測試，NVIDIA 又公開 partner-cooled TTP 的 force、torque 與 thermal-pad 邊界；可補現有液冷文章未拆開的 package／TIM／cold-plate 接觸責任。","若來源無法把 die／package、TTP／lid、TIM、cold plate 與 coolant 的熱阻、機械公差及可靠度分開，或只剩材料商導熱係數宣傳，就不建立材料排行或台廠受惠映射。","核對 OCP cold-plate development、NVIDIA partner-cooled hardware 與獨立 package／TIM 文件的量測定義、接觸壓力、翹曲、老化與失效條件。"
RS-2026-08-07-01-TEST,RS-2026-08-07-01,2026-08-07T23:18:54+08:00,RC-AI-TEST-INSERTION-LADDER,3,p2,high,preliminary,watch,"Teradyne 7 月 27 日把 CoW／CoP、known-good die、unpackaged module access 與 SLT 拆成新增 test insertion，能補既有 tester TAM 文章只有市場總量、沒有測試節點責任圖的缺口。","若只有測試設備商敘事，無法由封裝流程、客戶 qualification 或多家工具文件辨認 wafer／pre-singulation／post-singulation／package／system-level test 的邊界，就不把 insertion 數量外推成設備或介面營收。","以 Teradyne HBM／chiplet test flow、Advantest 最新 tester 展望及封裝／標準一手文件對齊 test access、溫控、功率、良率損失與量產節點。"
RS-2026-08-07-01-MECHANICAL,RS-2026-08-07-01,2026-08-07T23:18:54+08:00,RC-AI-RACK-MECHANICAL-QUALIFICATION,4,p2,high,preliminary,watch,"OCP 2026 Open Rack Wide、MGX rack reference 與 ORv3 產品已公開 load rating、form factor、rail／tray、blind-mate、busbar 與 liquid-manifold interface；serverodm／機構族群仍缺一張機械責任與 qualification 圖。","若只能取得標準尺寸或產品頁，沒有 static／dynamic load、transport／seismic、rail cycle、blind-mate tolerance、serviceability 與 deployment acceptance 的可重現測試，就不建立機構價值量或台廠份額。","取得 OCP ORW／MGX 正式規格、rail／tray 與 rack qualification 文件，逐項對齊 load case、接口、公差、循環壽命、維修動作與實際部署。"
RS-2026-08-07-01-POWER-INTERFACE,RS-2026-08-07-01,2026-08-07T23:18:54+08:00,RC-AI-POWER-DISTRIBUTION-INTERFACES,5,p2,high,preliminary,watch,"OCP 2026 HPR 72kW power shelf、ORW 與 Diablo 400 分別公開 48V 高電流 bolted busbar、可液冷 busbar 與 ±400V 三導體 power rack；可檢驗市場是否把 facility 800V、rack-side 400V 與 IT-gear 48V 視為同一連接器需求。","若不同規格的 voltage domain、current、touch safety、mating／bolted interface、cooling 與 conversion boundary 無法對齊，或沒有 production topology，就不做連接器／busbar 用量與材料勝負推論。","逐頁核對 OCP HPR 72kW、ORW、Diablo 400 與至少一份獨立 connector／busbar qualification，建立 voltage-domain×current×interface×cooling×serviceability 矩陣。"
RS-2026-08-08-01-TRUST-ROOT,RS-2026-08-08-01,2026-08-08T00:19:36+08:00,RC-AI-RACK-TRUST-ROOT,1,p1,high,preliminary,advance,上一輪 MI-2026-08-07-AI-RACK-ACTION-CONTRACT 已把 rack identity→typed telemetry→request owner→guardrail→isolation state 串成動作契約，但整條鏈最上游「identity 與 request 授權憑什麼可信」仍是空白。OCP Caliptra 定義 SoC 內建 RTM、DICE identity 與 signed attestation；DMTF DSP0274 SPDM 另由不同標準組織定義跨元件 authentication、firmware measurement 與 session；ASPEED AST2700 產品文件已明示採用 Caliptra 作為 silicon RoT，把這條標準鏈直接接到 universe 個股 5274。,若 Caliptra 與 SPDM 無法對齊成同一條可驗證的 identity→measurement→attestation→authorization 鏈，或找不到 BMC／機櫃層一手文件說明 attestation 結果如何實際改變授權與 fail-safe 行為，就只是兩份互不相干的規格，不建立信任根責任階梯，也不做任何台廠受惠或份額映射。,逐節對齊 Caliptra 的 RTM／DICE／measurement 邊界、SPDM DSP0274 的 measurement 與 authentication 訊息、AST2700 的 vendor／owner 信任鏈欄位；再找 OCP 或平台商機櫃層文件說明 attestation 失敗時的授權後果與 safe default；另查是否有可辨識的量產、客戶認證或財務足跡。
RS-2026-08-08-01-BBU-SAFETY,RS-2026-08-08-01,2026-08-08T00:19:36+08:00,RC-AI-BBU-SAFETY-CERTIFICATION,2,p1,high,preliminary,watch,OCP ORV3 已把 BBU 定義成機櫃內建備援模組（單模組約 3kW、數分鐘等級），UL 1973 與 UL 9540A 又分別規範靜置電池組保護與熱失控傳播測試；但目前尚未取得把 cell→module→BBU→rack→installation 各層測試責任、運輸法規與現場驗收串起來的同一條文件鏈。,若無法由一手標準與 OCP 規格分辨 cell、module、BBU、rack 與 installation 各層的測試對象、通過準則與責任方，或只剩電池廠行銷型認證宣稱，就不建立安全認證階梯，也不把「有認證」換算成供應商份額或價值量。,取得 OCP ORV3 BBU 規格、UL 1973 與 UL 9540A 正式範圍說明及運輸法規（UN 38.3）條文，逐層對齊測試對象、通過準則、責任方與現場驗收；再查台灣電池模組與電源公司是否有可定位的認證與量產文件。
RS-2026-08-08-01-COOLANT-CHEM,RS-2026-08-08-01,2026-08-08T00:19:36+08:00,RC-DC-COOLANT-CHEMISTRY,3,p2,high,preliminary,watch,既有液冷研究處理的是迴路界面與資格認證，工作流體本身仍是黑箱。ASHRAE 的 W1–W4 水質等級、CDU 對 FWS／TCS 的分界，以及導電度、pH、抑制劑與 ASTM D1121／ISO 21058 驗證要求，指向一條與機械設計正交的化學與材料相容性責任鏈。,若一手文件無法把水質等級、導電度與 pH 門檻、抑制劑配方驗證、材料相容性與維護週期分開，或只能取得冷卻液供應商的行銷規格，就不建立流體化學責任鏈，也不推論任何散熱或材料公司的受惠。,取得 ASHRAE 液冷指引與 OCP 冷板／CDU 一手文件，對齊 W1–W4 定義、導電度與 pH 門檻、抑制劑驗證方法（ASTM D1121、ISO 21058）、材料相容性測試與維護間隔；再查是否有可定位的失效案例與驗收條款。
RS-2026-08-08-01-REDFISH-CONFORM,RS-2026-08-08-01,2026-08-08T00:19:36+08:00,RC-AI-MANAGEABILITY-CONFORMANCE,4,p2,medium,preliminary,watch,DMTF 已同時發布 Redfish 一致性與測試工具白皮書（DSP2068）、Conformance Test Suite 指引（DSP-IS0018）與可執行的 Redfish-Interop-Validator；這使「宣稱支援 Redfish」與「通過某個 interoperability profile」第一次可以被分開檢驗，但尚未確認 AI 機櫃實際採用哪些 profile 與由誰驗收。,若找不到 AI 機櫃或伺服器平台實際指定的 interoperability profile 與驗收方，或 conformance 結果無法與前一輪 action contract 的 request／isolation 語意對應，就只是通用管理介面測試工具，不建立互通性驗收階梯。,取得 DSP2068、DSP-IS0018 與 Redfish Interoperability Profile 正式定義，確認 profile 的必要屬性與判定方式；再找 OCP 或平台商是否對 AI 機櫃指定 profile、由誰執行驗收，以及與 OpenRMC／DSX 動作契約的對應關係。
RS-2026-08-09-01-RACK-EMC,RS-2026-08-09-01,2026-08-09T02:42:06+08:00,RC-AI-RACK-EMC-CERTIFICATION,1,p1,high,preliminary,advance,"OCP 2026 EMC 專題已把 megawatt-scale、重型且解耦式 AI 機櫃的 chamber、供電、承載與 lab capacity 列為實際測試難題；IEC CISPR 32 與 FCC Part 15 又提供設備排放範圍及認可測試入口，足以研究元件合規、子系統預掃與整櫃驗收是否形成新的責任階梯，而不是把 EMI 元件需求直接當成答案。","若可用測試實驗室、供電與 chamber 能力並不稀缺，或平台可由既有模組證書完整覆蓋整櫃而不需系統級重驗，這就不是獨立瓶頸；找不到本 universe 的具名測試、設備、機構或 EMI 產品資格證據時，也不做受惠映射。","取得 OCP AI rack EMC 測試方法、CISPR／FCC 適用邊界、具備高功率與大 chamber 能力的認可實驗室名單及 lead time；再找平台買方的整櫃驗收條款、失敗模式與台灣供應商可定位的 qualification。"
RS-2026-08-09-01-STORAGE,RS-2026-08-09-01,2026-08-09T02:42:06+08:00,RC-AI-STORAGE-DATA-PLANE,2,p1,high,preliminary,advance,"Meta 2026 AI Storage Blueprint 將資料讀取的 pMax latency 與 GPU stall 直接連結，AWS 的大規模 checkpoint 架構與 NVIDIA ModelExpress 又分別公開 checkpoint burst、模型權重分發與 GPU-direct／RDMA 路徑；三條獨立來源可把資料集讀取、checkpoint 與模型載入拆成不同 I/O 契約，補足現有題庫偏重 HBM／CXL 而未處理持久儲存資料面的缺口。","若三種流量主要由軟體快取與網路編排吸收，無法形成可重現的 device、controller、NIC、switch 或 storage-node qualification，或找不到本 universe 的具名產品與量產證據，就不把 AI 訓練成長外推成 SSD／控制器／伺服器用量。","取得 operator 級 pMax／checkpoint SLO、failure domain 與 media endurance 資料，對齊 GPU-direct、RDMA、網路與儲存節點責任；再查平台正式 BOM、qualification、部署分母及台灣公司的產品／收入足跡。"
RS-2026-08-09-01-CHIPLET-KIT,RS-2026-08-09-01,2026-08-09T02:42:06+08:00,RC-CHIPLET-DESIGN-KIT-CONFORMANCE,3,p1,high,preliminary,watch,"OCP FCSA 1.0 把 chiplet 系統分割與介面置於 UCIe 連結之上，Open Chiplet Economy 又推進 CDXML、3DK／MDK 與 test kit；Arm 的獨立 FCSA 說明亦強調架構中立與多供應商重用。這可檢驗真正瓶頸是否從 die-to-die PHY 轉向可機讀的 thermal、power、SI／PI、mechanical、test 與 security model 交換。","若 FCSA、CDXML、JEP30 與 3DK／MDK 無法落成同一套多供應商設計交換或 conformance workflow，或沒有 tape-out／foundry／OSAT 實作，就只是重疊規格清單，不建立 EDA、矽智財、封裝或測試價值鏈。","取得 FCSA conformance／implementation 資料、CDXML 與 JEP30 欄位對照、3DK／MDK／test kit 的實際工具匯入與多供應商案例；再查 foundry、OSAT、EDA 與本 universe 公司是否有具名採用。"
RS-2026-08-09-01-SDC,RS-2026-08-09-01,2026-08-09T02:42:06+08:00,RC-AI-SILENT-DATA-CORRUPTION,4,p1,high,preliminary,watch,"Meta 已公開從工廠到機群的 AI 硬體可靠度與 silent data corruption 偵測流程，OCP Hyperscale CPU RAS／Debug 規格及 NVIDIA in-system test／DCGM 文件則提供平台需求與可執行健康檢查入口；足以研究 test insertion、telemetry、隔離、重測與供應商回饋是否形成跨生命週期閉環。","若不同來源連 SDC 的錯誤分類、偵測覆蓋與隔離門檻都無法對齊，或只能證明單一 operator 的內部軟體實務，便不建立通用設備／測試需求；沒有具名平台 qualification 與本 universe 曝險時，也不外推測試時間或營收。","取得至少兩個平台的 SDC taxonomy、IST／SLT 覆蓋、誤報漏報與 quarantine 條件，逐層對齊 factory、burn-in、cluster acceptance、runtime 與 RMA；再查 tester、socket、ODM 與 BMC 的具名驗收責任。"
RS-2026-08-09-01-PCB-MATERIAL,RS-2026-08-09-01,2026-08-09T02:42:06+08:00,RC-224G-PCB-MATERIAL-QUALIFICATION,5,p2,high,preliminary,watch,"IPC 的在製 IPC-4103C、IPC-4414 與 IPC-4562C 分別碰觸高速基材、超低介電玻纖與銅箔，IPC-4103 QPL 已有台灣材料商；Panasonic 同時以 224Gbps 材料路線與擴產回應 AI server 需求，OIF 則已展示 224G／448G interoperability。這可把材料 datasheet、標準測法、板級 stackup 與系統 BER 分開驗證。","若找不到同一塊系統板的 insertion loss、Dk／Df 測法、玻纖效應、銅粗糙度、via／connector 與 BER 對照，或只有材料商單點 coupon 數字，便不能由 224G roadmap 推成 CCL／玻纖／銅箔規格升級、份額或價格。","取得 IPC 正式版與 test method、系統商 224G reference stackup、multi-source board qualification 及 OIF／IEEE reach 測試；逐項重算 loss budget，並查本 universe 材料與 PCB 公司具名料號、認證及量產足跡。"
RS-2026-08-09-01-SIC-QUAL,RS-2026-08-09-01,2026-08-09T02:42:06+08:00,RC-SIC-AI-POWER-QUALIFICATION,6,p2,high,preliminary,watch,"JEDEC 2026 JEP203／JEP204 新增 SiC MOSFET 短路評估與可靠度 stress procedures；同週 Infineon 公布 24kW、800V SiC BBU reference design，ROHM 則公布 750V SiC MOSFET 被 AI server BBU 採用。標準、reference design 與產品採用三種證據已同時出現，值得檢查 reliability guideline 是否真正進入 800V AI 電源驗收。","若 JEP203／JEP204 沒有被平台 qualification 引用，短路與 gate-oxide stress 也未改變系統保護、derating 或壽命驗收，便只是一組元件級指引；單一採用與 reference design 不代表普遍滲透或台廠收入。","取得 JEP203／JEP204 正文、BBU／PSU 客戶 qualification 與 failure criteria，對齊短路耐受、gate stress、熱循環、保護協同與壽命模型；再查本 universe 功率元件與電源公司具名設計、認證和財務足跡。"
RS-2026-08-09-01-PFAS,RS-2026-08-09-01,2026-08-09T02:42:06+08:00,RC-SEMICONDUCTOR-PFAS-EXPOSURE,7,p2,high,preliminary,watch,"ECHA 2026 已讓 PFAS 限制案進入 RAC 最終意見與 SEAC 意見草案階段，SEMI 同時明列半導體製造中的關鍵 PFAS 用途，EPA reporting rule 另形成美國使用資料時鐘；這是一個有明確政策節點、但必須做到 substance×process×jurisdiction 的材料與設備供應鏈題目。","若最終限制對關鍵半導體用途給予足夠長或廣泛豁免，替代材料不需重新 qualification，或無法把任何特定物質與台灣公司／廠區／產品連上，就不建立近期成本、供應中斷或受惠替代材料主張。","取得 ECHA 最終限制條文、derogation 與 transition period，將 PFAS 物質逐一對應 lithography、etch、deposition、wet clean、設備密封與冷媒用途；再核對公司化學品清單、廠區法域、替代品 qualification 與成本揭露。"
RS-2026-08-09-01-TWO-PHASE,RS-2026-08-09-01,2026-08-09T02:42:06+08:00,RC-TWO-PHASE-COOLING-QUALIFICATION,8,p3,high,preliminary,defer,"OCP 2026 已發布 pumped two-phase refrigerant direct-to-chip 文件並舉辦 pool-boiling 教育活動，顯示兩相路徑進入可定義的工程討論；但 CoolIT 同期宣稱單相冷板已達 15kW 且可延伸至 2030 年後，反方證據足以阻止把兩相冷卻當成必然遷移。","若單相冷板在目標 accelerator 的熱通量、壓降、可靠度與總持有成本內仍可滿足 roadmap，或兩相系統缺少 operator qualification、維修、冷媒與 leak／pressure 安全準則，就不建立兩相滲透率或散熱供應商勝負。","取得同一熱負載與封裝條件下的單相／兩相 case-to-fluid thermal resistance、pumping、pressure、refrigerant、serviceability 與壽命比較，並等待 operator 級 qualification、部署分母和可定位的台灣供應鏈證據。"
